"ID","longitude","latitude"
"bur5270",-120.309298,38.277518
"cbo16612",-122.250823,38.075588
"cbo219",-121.892409,37.529147
"cbo23616",-118.686912,36.160222
"gp16864",-120.93886,39.09487
"gp2649",-121.103668,38.545916
"gp6378",-118.755843,35.465852
"in:116312565",-120.90072,35.560038
"in:117042050",-122.343362,39.140617
"in:12250575",-121.429847,36.097481
"in:12349527",-118.538795,34.555255
"in:12733452",-118.996055,34.590235
"in:12935755",-118.946364,34.427473
"in:13537502",-119.507903,34.491763
"in:13979089",-118.704583,34.399863
"in:14166191",-122.795258,38.688553
"in:1488030",-122.258871,37.797757
"in:1532581",-118.650535,34.268036
"in:158491627",-118.474073,34.178757
"in:163041260",-119.812247,36.85035
"in:1641064",-117.924855,34.165765
"in:165449457",-118.660963,34.60362
"in:165455176",-119.745033,37.198025
"in:166089504",-122.500038,38.886893
"in:166327476",-121.00182,38.945332
"in:167100002",-121.552999,36.232329
"in:167134966",-121.072136,35.994263
"in:168606217",-122.08055,37.288063
"in:168746928",-121.682908,36.428105
"in:168935026",-121.516053,37.455917
"in:169687891",-118.423515,34.369598
"in:170212323",-121.168458,38.964303
"in:170726289",-120.713905,35.318172
"in:172434587",-121.744117,37.174403
"in:172457723",-121.755583,36.788697
"in:174946698",-118.64695,36.070103
"in:177887210",-121.537392,36.830922
"in:183583285",-117.857487,33.989024
"in:194714070",-118.45093,34.504799
"in:212641832",-122.068195,37.969614
"in:218574464",-119.291092,34.2881
"in:219437209",-118.386935,33.888575
"in:220179150",-121.450613,36.276212
"in:220369677",-121.502463,36.143161
"in:222129552",-118.708825,34.47067
"in:222562225",-121.738253,36.250099
"in:223007552",-119.956624,34.758011
"in:223265648",-122.072342,37.882388
"in:223275605",-120.776561,35.474497
"in:224076572",-121.853762,37.442538
"in:226811913",-120.58197,38.72283
"in:228114630",-119.785797,34.548642
"in:24749418",-116.980532,33.089181
"in:24755483",-117.244606,32.735669
"in:25088800",-121.307706,38.618922
"in:25126929",-122.476758,37.724572
"in:25169024",-118.955642,36.388713
"in:25592232",-118.454648,34.073885
"in:25913512",-117.454696,34.01234
"in:25917681",-118.502097,34.462272
"in:26473849",-121.697024,39.846755
"in:26709423",-121.764533,38.543862
"in:26979300",-122.510987,38.049598
"in:27063619",-121.69628,37.334203
"in:27194635",-118.656039,35.452192
"in:27550487",-121.545133,37.200065
"in:27793151",-119.696412,33.991725
"in:290845375",-121.567795,36.457855
"in:29188444",-118.654857,35.736692
"in:29643357",-119.226101,34.440003
"in:3209178",-122.577971,38.592878
"in:32861414",-118.324408,34.580689
"in:42690530",-118.865433,35.693539
"in:42694318",-120.686355,35.675367
"in:44058763",-121.749924,39.789124
"in:45005027",-122.12131,37.397506
"in:45133413",-118.716897,34.305211
"in:45828195",-121.593055,37.690545
"in:47884865",-122.010021,37.407431
"in:48087960",-118.921197,34.885883
"in:48189985",-121.97557,37.01375
"in:48748767",-122.919678,38.381203
"in:48855451",-122.346696,37.544985
"in:48959133",-121.251005,36.551188
"in:49154702",-122.013375,37.137414
"in:49512107",-121.937688,37.673392
"in:49799614",-121.418755,39.841414
"in:49984639",-121.425737,37.04775
"in:50090096",-118.83343,34.209082
"in:50281443",-121.951822,37.263085
"in:52076966",-119.913102,37.497549
"in:52543981",-120.215814,34.926995
"in:54492074",-121.823425,37.061314
"in:56213389",-121.847381,36.467326
"in:56815211",-121.846852,37.232899
"in:5990004",-118.287043,34.051806
"in:6146958",-119.301182,34.452139
"in:6426764",-121.977001,37.884437
"in:6543170",-122.674702,38.421664
"in:6615244",-118.337224,34.143411
"in:6856874",-120.081525,34.553751
"in:75278539",-118.197892,33.860278
"in:78805924",-119.382417,37.141011
"in:80958123",-120.007137,37.3961
"in:81937686",-118.004977,33.703782
"in:83225460",-118.305382,34.233567
"io103911",-120.130147,37.597038
"io128482",-121.848703,37.670608
"io131760",-122.044608,37.821075
"io14043",-121.168358,38.685512
"io155131",-121.415361,36.793865
"io31785",-121.75312,36.4688
"io39760",-120.580238,36.23257
"io39985",-118.836953,36.225583
"io4254",-118.681962,35.166888
"io64218",-121.516515,37.341263
"io67512",-122.576948,38.128717
"jgr12313",-121.2195,37.4789
"jgr12505",-121.5802,37.561997
"jgr9544",-121.793,38.0148
"mg109357",-121.761766,39.702177
"mg12343",-121.74577,37.61998
"mg140044",-122.134048,37.879494
"mg172922",-122.178379,37.853122
"mg208754",-121.759082,37.867461
"mg58154",-118.22162,34.287155
"mg65030",-121.990902,37.92363
"mg87610",-122.258742,37.946112
"mg87756",-122.203602,37.939912
"mg88751",-121.206396,38.812704
"mg91037",-121.684571,39.731291
"mu24020",-118.591,34.2866
"oe2249",-122.370061,37.284309
"oe3073",-122.128303,38.003672
"oe7110",-122.223118,37.886945
"po112248",-120.930094,36.317554
"po131338",-120.329419,35.478511
"po133250",-120.234359,34.613641
"po134561",-120.280733,34.728549
"po137180",-121.271983,36.914409
"po143292",-120.403143,35.282057
"po156358",-121.04078,36.64924
"po156376",-121.19788,36.14694
"po158379",-120.406317,34.561313
"po161424",-119.955934,34.547452
"po231963",-118.57793,34.35486
"po266078",-121.08032,35.834191
"po35466",-118.326434,34.315687
"po36783",-121.033469,38.221852
"po37773",-122.394524,39.02331
"po41768",-121.546598,39.520223
"po47050",-120.861041,36.359669
"po47071",-120.959644,36.406562
"po62317",-120.704384,36.096676
"po83177",-120.486804,36.2181
"po92088",-120.553333,35.144167
"wb1194-860",-120.53687,35.43076
"wb1906-126",-121.29694,36.72494
"wb2209-6468",-120.69343,37.80793
"wb2228-1985",-119.2166,37.0219
"wb902-35",-118.789769,34.10818
"wb904-94",-118.866866,34.08449
"xr167717",-120.35167,37.8275
"xr168117",-122.12611,38.16111
"xr328573",-120.38333,35.65
"xr328575",-121.1212,35.6004
"xr328577",-120.33333,34.46667
"df395",-120.94673,38.823229
"df664",-120.691127,38.319829
"gr14186",-121.830002,39.229999
"gr62",-121.965,37.5805
"gr6936",-121.38333,36.65
"gr6938",-121.36667,35.91667
"gr6941",-121.5892,36.0769
"gr7002",-120.9169,35.88293
"gr6969",-121.943,36.516
"gr6956",-121.723,36.612
"gr6952",-121.589641,36.325705
"gr6953",-121.48,36.055
"gr6963",-121.418,36.146
"gr8043",-122.304,38.812
"gr16626",-119.26667,34.54583
"gr16624",-119.16667,34.41667
"gr5123",-117.768,34.1797
"gr5119",-118.1974,34.0979
"ce7",-122.233543,38.264983
"ce8",-122.347183,38.417944
"ce44",-122.509403,38.367075
"ce51",-122.1072,38.507833
"ce53",-121.92202,37.944462
"ce121",-119.171018,34.481903
"ce168",-119.013175,34.074381
"ce183",-118.542051,34.088386
"gr5135",-118.0973,34.1831
"ce207",-122.117843,37.764879
"ce235",-121.461238,38.591717
"ce236",-122.463569,39.131258
"ce240",-120.935783,39.296646
"ce257",-117.625122,33.708204
"ce271",-119.174085,35.011005
"ce278",-119.141235,34.805064
"ce282",-118.560118,35.501923
"ce286",-116.834106,32.594986
"ce312",-118.592262,34.422345
"ce350",-119.445762,37.016671
"ce381",-119.654,34.6969
"ce378",-122.333793,38.624179
"ce371",-120.441055,34.699636
"ce473",-123.607109,39.75341
"ce489",-121.683883,37.005294
"ce566",-120.991916,38.719269
"ce621",-123.041826,38.726416
"df2500",-118.769362,36.350189
"df3383",-121.183889,36.409719
"df3865",-119.968153,37.916484
"df4088",-119.687747,37.582197
"svy1981",-121.13,36.51
"cns12228",-118.646685,34.133446
"cns14241",-118.730886,34.212469
"cns15436",-121.321083,39.301258
"cns15615",-120.844348,38.765456
"cns15617",-120.841776,38.774427
"cns18740",-120.647291,36.307388
"cns19373",-120.651901,36.291823
"cns19270",-120.683237,36.402125
"cns19452",-120.760138,36.359707
"cns19167",-120.701173,36.413603
"cns19622",-120.800961,36.39679
"cns19498",-120.783538,36.416694
"cns19481",-120.449184,36.318753
"cns18923",-120.453421,36.302197
"cns19661",-120.558783,36.535648
"cns19643",-120.584149,36.530181
"cns23954",-119.550616,37.104621
"cns23659",-119.565878,37.062756
"cns23886",-119.173008,34.91663
"cns24182",-118.701533,35.536978
"cns24184",-118.688512,35.549295
"cns25082",-119.944102,37.267423
"cns23990",-118.785509,36.145721
"cns24238",-118.787054,36.131458
"cns24295",-119.042901,36.582595
"cns25345",-118.637183,34.911724
"cns24823",-118.66243,34.910899
"cns25000",-119.747818,37.346764
"cns24358",-119.017106,36.576876
"cns25254",-118.450088,35.894453
"cns24975",-118.436319,35.851866
"cns25303",-119.060903,36.698437
"cns24214",-118.792747,36.159035
"cns25508",-119.64384,37.160271
"cns24688",-118.956999,36.513649
"cns25217",-118.665418,35.343429
"cns24372",-118.983666,36.534402
"cns25504",-119.738876,37.339291
"cns24307",-119.205076,36.877042
"cns24961",-118.941337,36.558279
"cns25353",-118.937154,36.487738
"cns24396",-118.89159,36.537493
"cns23647",-118.587625,35.318504
"cns24529",-118.699844,34.985384
"cns24531",-118.815012,34.933191
"cns26505",-119.635407,34.983765
"cns26914",-119.721312,35.247334
"cns26647",-119.787735,35.071931
"cns26572",-119.750224,35.259461
"cns27099",-119.54091,35.000167
"cns26772",-119.551465,34.967161
"cns25609",-119.865688,35.082281
"cns27009",-120.028762,35.203308
"cns23159",-119.006745,36.464706
"cns23117",-119.002416,36.477833
"cns23061",-118.992386,36.471303
"cns22831",-119.119841,36.58541
"cns22948",-119.009776,36.106716
"cns22670",-119.006061,36.48688
"cns22864",-118.777964,35.137561
"cns23052",-118.6948,35.295926
"cns22837",-119.090031,36.54711
"cns27646",-121.06237,38.860344
"cns27211",-120.47553,38.058457
"cns27990",-121.999496,40.112605
"cns27669",-122.04942,40.127305
"cns27691",-121.972602,40.245742
"cns28082",-121.181761,39.291821
"cns31517",-118.76716,36.476373
"cns32439",-118.72948,36.450758
"cns31668",-118.782302,36.476689
"cns31673",-118.75386,36.462201
"cns31653",-118.777407,36.435334
"cns32072",-118.896891,36.546085
"cns32085",-118.896904,36.55892
"cns32178",-118.891386,36.575485
"cns37206",-119.838203,37.676344
"cns37126",-119.822101,37.607765
"cns37578",-119.858103,37.659924
"cns37671",-119.860356,37.683153
"cns45386",-118.417618,35.25041
"cns46823",-122.066357,37.070655
"cns47109",-121.387935,37.184662
"cns47241",-121.430265,37.123868
"cns47252",-121.362888,37.230846
"cns47253",-121.40392,37.230256
"cns47263",-122.111183,37.22949
"cns48377",-121.902973,37.893634
"cns48596",-121.923334,37.843719
"cns47138",-121.208789,37.037867
"cns46458",-120.909628,36.672361
